{
    "O": [
        [
            [-1, -13],
            [ 1, -13],
            [ 1, -11],
            [-1, -11]
        ],
        [
            [-1, 11],
            [ 1, 11],
            [ 1, 13],
            [-1, 13]
        ]
    ],
    "W": 2,
    "L": 12,
    "D": 10,
    "xI": [1.0471975511965976, 0.5235987755982988],
    "xG": [1.0471975511965976, 2.6179938779914944]
}
